CellID,Position,i7_index,i5_index
1,A1,ATAGGCGCTC,TTGGTACGCG
25,B1,ATAGGCGCTC,AACTGACCAA
49,C1,ATAGGCGCTC,ATGTCTCCGG
73,D1,ATAGGCGCTC,TTGGAACCAA
97,E1,ATAGGCGCTC,GTCCTTGGTG
121,F1,ATAGGCGCTC,CGATTACGTA
145,G1,ATAGGCGCTC,ACCGATTAGA
169,H1,ATAGGCGCTC,TTGTTAACGG
2,A2,TACAACCTCA,TTGGTACGCG
26,B2,TACAACCTCA,AACTGACCAA
50,C2,TACAACCTCA,ATGTCTCCGG
74,D2,TACAACCTCA,TTGGAACCAA
98,E2,TACAACCTCA,GTCCTTGGTG
122,F2,TACAACCTCA,CGATTACGTA
146,G2,TACAACCTCA,ACCGATTAGA
170,H2,TACAACCTCA,TTGTTAACGG
3,A3,AGTTATCGGA,TTGGTACGCG
27,B3,AGTTATCGGA,AACTGACCAA
51,C3,AGTTATCGGA,ATGTCTCCGG
75,D3,AGTTATCGGA,TTGGAACCAA
99,E3,AGTTATCGGA,GTCCTTGGTG
123,F3,AGTTATCGGA,CGATTACGTA
147,G3,AGTTATCGGA,ACCGATTAGA
171,H3,AGTTATCGGA,TTGTTAACGG
4,A4,AGGAGCTTCC,TTGGTACGCG
28,B4,AGGAGCTTCC,AACTGACCAA
52,C4,AGGAGCTTCC,ATGTCTCCGG
76,D4,AGGAGCTTCC,TTGGAACCAA
100,E4,AGGAGCTTCC,GTCCTTGGTG
124,F4,AGGAGCTTCC,CGATTACGTA
148,G4,AGGAGCTTCC,ACCGATTAGA
172,H4,AGGAGCTTCC,TTGTTAACGG
5,A5,CATGCTGTTA,TTGGTACGCG
29,B5,CATGCTGTTA,AACTGACCAA
53,C5,CATGCTGTTA,ATGTCTCCGG
77,D5,CATGCTGTTA,TTGGAACCAA
101,E5,CATGCTGTTA,GTCCTTGGTG
125,F5,CATGCTGTTA,CGATTACGTA
149,G5,CATGCTGTTA,ACCGATTAGA
173,H5,CATGCTGTTA,TTGTTAACGG
6,A6,TACGGTGTCA,TTGGTACGCG
30,B6,TACGGTGTCA,AACTGACCAA
54,C6,TACGGTGTCA,ATGTCTCCGG
78,D6,TACGGTGTCA,TTGGAACCAA
102,E6,TACGGTGTCA,GTCCTTGGTG
126,F6,TACGGTGTCA,CGATTACGTA
150,G6,TACGGTGTCA,ACCGATTAGA
174,H6,TACGGTGTCA,TTGTTAACGG
7,A7,TCTTGCTGTG,TTGGTACGCG
31,B7,TCTTGCTGTG,AACTGACCAA
55,C7,TCTTGCTGTG,ATGTCTCCGG
79,D7,TCTTGCTGTG,TTGGAACCAA
103,E7,TCTTGCTGTG,GTCCTTGGTG
127,F7,TCTTGCTGTG,CGATTACGTA
151,G7,TCTTGCTGTG,ACCGATTAGA
175,H7,TCTTGCTGTG,TTGTTAACGG
8,A8,CGGATCATTA,TTGGTACGCG
32,B8,CGGATCATTA,AACTGACCAA
56,C8,CGGATCATTA,ATGTCTCCGG
80,D8,CGGATCATTA,TTGGAACCAA
104,E8,CGGATCATTA,GTCCTTGGTG
128,F8,CGGATCATTA,CGATTACGTA
152,G8,CGGATCATTA,ACCGATTAGA
176,H8,CGGATCATTA,TTGTTAACGG
9,A9,TACGACACTT,TTGGTACGCG
33,B9,TACGACACTT,AACTGACCAA
57,C9,TACGACACTT,ATGTCTCCGG
81,D9,TACGACACTT,TTGGAACCAA
105,E9,TACGACACTT,GTCCTTGGTG
129,F9,TACGACACTT,CGATTACGTA
153,G9,TACGACACTT,ACCGATTAGA
177,H9,TACGACACTT,TTGTTAACGG
10,A10,TGTTGGTGCA,TTGGTACGCG
34,B10,TGTTGGTGCA,AACTGACCAA
58,C10,TGTTGGTGCA,ATGTCTCCGG
82,D10,TGTTGGTGCA,TTGGAACCAA
106,E10,TGTTGGTGCA,GTCCTTGGTG
130,F10,TGTTGGTGCA,CGATTACGTA
154,G10,TGTTGGTGCA,ACCGATTAGA
178,H10,TGTTGGTGCA,TTGTTAACGG
11,A11,TACCACAGAA,TTGGTACGCG
35,B11,TACCACAGAA,AACTGACCAA
59,C11,TACCACAGAA,ATGTCTCCGG
83,D11,TACCACAGAA,TTGGAACCAA
107,E11,TACCACAGAA,GTCCTTGGTG
131,F11,TACCACAGAA,CGATTACGTA
155,G11,TACCACAGAA,ACCGATTAGA
179,H11,TACCACAGAA,TTGTTAACGG
12,A12,TAGGCGATTG,TTGGTACGCG
36,B12,TAGGCGATTG,AACTGACCAA
60,C12,TAGGCGATTG,ATGTCTCCGG
84,D12,TAGGCGATTG,TTGGAACCAA
108,E12,TAGGCGATTG,GTCCTTGGTG
132,F12,TAGGCGATTG,CGATTACGTA
156,G12,TAGGCGATTG,ACCGATTAGA
180,H12,TAGGCGATTG,TTGTTAACGG
